Kai Keggenhoff Unassigned,1
Daniel Zsigus Tilman Hausherr,1
Andreas Lehmkühler mathieu radiguet,1
Brad Baker Unassigned,1
vakhtang koroghlishvili Thomas Chojecki,1
Andreas Lehmkühler Maho Rashad,1
Jason Mackin Unassigned,2
Michel Pawlak Unassigned,1
Robert Scharpf Unassigned,1
Robin Jonsson Robin Jonsson,1
Dan Le Dan Le,1
Tilman Hausherr Marco Monacelli,2
Unassigned dennis lucero,2
Vincent Vincent,1
Tilman Hausherr Tilman Ginzel,1
Unassigned Matt Wise,1
Sandeep Dhawan Andreas Lehmkühler,1
savan patel Tilman Hausherr,1
Unassigned Ben Manes,1
Tilman Hausherr Ben McCann,1
CP Jukka Zitting,1
ceakki ceakki,1
Štěpán Schejbal Andreas Lehmkühler,1
nielsen nielsen,1
Jay Modi Jay Modi,1
Christian Kohlschütter Thomas Chojecki,1
sri vasu sri vasu,1
Juraj Lonc Unassigned,1
Tilman Hausherr Yannick Haser,1
sunny xia Unassigned,1
Jukka Zitting Niall Pemberton,1
Andreas Lehmkühler Guyenot Jeremy,1
Unassigned Nazar Dub,1
Tim Barrett Andreas Lehmkühler,1
sunnyawake Tilman Hausherr,1
Jinder Aujla Jinder Aujla,1
Emam Hasan Emam Hasan,1
Andreas Lehmkühler Jacopo Pugliese,1
Ankit Agarwal Unassigned,1
Rampradeep B Rampradeep B,1
Yachun Miao Tilman Hausherr,1
Matt Wise Matt Wise,2
Andreas Lehmkühler Yoan Alvarez,1
Anonymous Anonymous,99
Maruan Sahyoun John Hewson,2
Unassigned Nagendra,1
Ben Manes Ben Manes,1
Christanto Andreas Lehmkühler,1
kazu Maruan Sahyoun,1
Joseph Berglund Unassigned,1
João Gabriel Ferrazza Dias Tilman Hausherr,1
Andy McMullan Andy McMullan,1
Tim Allison Andreas Lehmkühler,1
Rubesh MX Rubesh MX,1
javad Unassigned,2
Tilman Hausherr Marco Silva,1
Andreas Lehmkühler Joel Hirsh,1
Rui Baeta Unassigned,1
Unassigned Jon Ominsky,1
Unassigned Tobias Fischer,2
Andreas Lehmkühler Krisztian Mangold,1
Muthukumar R Muthukumar R,1
Jens Kapitza Jens Kapitza,1
Andrew Thomas Andrew Thomas,1
Maruan Sahyoun Gilad Denneboom,2
Andreas Lehmkühler Danzelot,1
Unassigned Corinna Kinchin,1
Lonzak Tilman Hausherr,3
Yannick Haser Unassigned,1
Tilman Hausherr Lee van Hooff,1
Tilman Hausherr Dan Fickling,2
simon steiner John Hewson,1
Sean Story Tilman Hausherr,1
V Tilman Hausherr,1
Peter Lehto Unassigned,1
dennis lucero Unassigned,2
Arthur Freitas e Menezes Arthur Freitas e Menezes,1
Maxime Guerreiro Maxime Guerreiro,1
Mike Kaplinskiy Tilman Hausherr,1
hui xu hui xu,1
Yan Bing Yan Bing,3
Tim Allison Tim Allison,3
Tilman Hausherr Christofer,1
Marco Silva Marco Silva,1
Unassigned Mark Melling,1
Aditya Sanjay Badve Aditya Sanjay Badve,1
Jukka Zitting MH,1
RuhongCai RuhongCai,1
Ilya Scherbakov Unassigned,1
Dave Hill Dave Hill,1
Anonymous Jukka Zitting,2
Stefan Feenstra Unassigned,1
Durgesh Agrawal Durgesh Agrawal,1
Unassigned Dirk Groeneveld,1
Tilman Hausherr Seva Alekseyev,2
Tilman Hausherr Christian Maierhofer,1
Unassigned Lux,2
Muthukumar R Unassigned,1
Luis Filipe Nassif Luis Filipe Nassif,3
Christopher Creutzig Tilman Hausherr,1
Roman Pichlik Unassigned,1
Friedwin Fleischmann Friedwin Fleischmann,1
Maruan Sahyoun Fabio,1
Unassigned Ace,1
Afsiya Alavumkudy Andreas Lehmkühler,1
Daniel Scheibe John Hewson,1
Ch. Schlatter Ch. Schlatter,3
Petras Tilman Hausherr,5
Christoph Langheld Christoph Langheld,1
Tilman Hausherr Esteban Nicolas Ruiz,2
Timo Boehme Timo Boehme,3
Timur Kamalov Timur Kamalov,2
Vu Tran Vu Tran,1
Rakshit Ashtekar Unassigned,1
Miro Mannino Tilman Hausherr,2
Vittal Aithal Tilman Hausherr,1
Alexander Kriegisch Tilman Hausherr,1
uday kiran uday kiran,1
Dennis Noordsij Dennis Noordsij,1
Gerhard Temper Maruan Sahyoun,2
Evgeniy Muravitskiy Tilman Hausherr,1
Adi Adi,1
Tilman Hausherr kohdai,2
Jukka Zitting Unassigned,3
Stephan Götter Stephan Götter,1
Amir Amir,1
satyaditya m Unassigned,1
Evgeny Chesnokov Evgeny Chesnokov,1
Yann-Gaël Guéhéneuc Yann-Gaël Guéhéneuc,1
Corinna Kinchin Corinna Kinchin,1
Viraf Bankwalla Viraf Bankwalla,1
Andrew Thomas John Hewson,1
Unassigned Robin Jonsson,1
Tilman Hausherr Lucille Wilson,1
Unassigned Andriy,1
Juraj Lonc Andreas Lehmkühler,1
Ben Manes Unassigned,1
Scott Coldwell Maruan Sahyoun,4
Marc Stuart Tilman Hausherr,2
Subrata Kumar Pradhan Unassigned,2
Tim Allison Tilman Hausherr,1
Sandeep Unassigned,1
Unassigned Hayk Hayryan,1
Hasan Karaoğlu Hasan Karaoğlu,3
Philip Helger Unassigned,1
Jorge Spinsanti Tilman Hausherr,6
Keiji Suzuki John Hewson,1
Unassigned rumburak,1
Mayank Agarwal Unassigned,1
Dmitri Russu Dmitri Russu,4
Unassigned Aleksandar Veljovic,1
Unassigned Marino,1
David Horwitz David Horwitz,1
Tilman Hausherr xl19870217,1
Igor Santos Tilman Hausherr,1
Juergen Uhl Tilman Hausherr,1
Thomas Jodes Andreas Lehmkühler,1
Fabio Fabio,2
Luca Battistelli Luca Battistelli,2
Larrosa Cédric Unassigned,1
Joel Hirsh Andreas Lehmkühler,1
Danzelot Danzelot,1
Andreas Meier Unassigned,1
Unassigned Pravinkumar,1
jack jack,1
Ed Sawdon Ed Sawdon,1
Unassigned Hasan Karaoğlu,3
Kai Oliver Quambusch Kai Oliver Quambusch,1
Francesco Andreas Lehmkühler,2
Andrea Paternesi Unassigned,1
Unassigned Kai Oliver Quambusch,1
Andreas Lehmkühler gee,1
Unassigned Maruan Sahyoun,13
Unassigned Aditya Sanjay Badve,1
Guillaume Bailleul John Hewson,1
Aaron Eischeid Aaron Eischeid,1
Nicolas Daniels Nicolas Daniels,1
Unassigned Takashi Komatsubara,1
Uwe Schindler Tilman Hausherr,1
Pedro Lucas da Silva Junior Pedro Lucas da Silva Junior,1
Maruan Sahyoun Richard Brown,1
Sun Peter Unassigned,1
Maruan Sahyoun Daniel Ritter,1
Andreas Lehmkühler Anonymous,17
Jukka Zitting Jukka Zitting,21
Daniel Persson Tilman Hausherr,1
Andreas Lehmkühler Afsiya Alavumkudy,1
Adam Hooper Unassigned,1
Unassigned Stan Taylor,1
Tilman Hausherr Pavel Fol,1
Peter Pinnau Tilman Hausherr,1
Unassigned Marco Wettstein,1
Unassigned Larry West,1
Jacky Yang Unassigned,1
Artem Logachev Unassigned,1
Unassigned Quentin Caillard,1
Vitaliy Parfenov Vitaliy Parfenov,1
Tilman Hausherr Alexandre Yantouri,1
Bernd Engelhardt Bernd Engelhardt,1
Petras Andreas Lehmkühler,1
Andreas Lehmkühler Seva Alekseyev,4
CP Andreas Lehmkühler,1
Unassigned Yan,1
Unassigned Jacky Yang,1
ryuukei Tilman Hausherr,1
Christoph Bimminger Christoph Bimminger,1
sunny xia sunny xia,1
Tilman Hausherr Tres Finocchiaro,2
Artem Logachev Artem Logachev,1
Unassigned Jedrzej Majko,1
Tilman Hausherr Konstantinos Kostarellis,1
Kai Oliver Quambusch Unassigned,1
Ravi Teja Unassigned,1
Andreas Lehmkühler Christanto,1
Aaron Madlon-Kay Aaron Madlon-Kay,1
Andreas Lehmkühler Venkatesh Prasad,1
Yachun Miao Yachun Miao,2
Maruan Sahyoun Petras,1
Andriy Andriy,1
Tilman Hausherr Uwe Schindler,1
Peter Pinnau Peter Pinnau,2
Maruan Sahyoun Tilman Hausherr,5
Cameron Rollheiser Tilman Hausherr,1
rogier mars rogier mars,1
Tilman Hausherr Juergen Uhl,1
Uwe Schindler Uwe Schindler,1
Sandeep Sandeep,1
Tilman Hausherr Mark Melling,1
nielsen Unassigned,1
Marek Zajac Unassigned,2
Dmitri Ess Tilman Hausherr,1
Unassigned Ingmar Marquardt,1
Tilman Hausherr V,1
Unassigned Cornelis Hoeflake,1
Yachun Miao Unassigned,1
Pravinkumar Pravinkumar,1
Andy McMullan Unassigned,1
Paul Heinrich Paul Heinrich,2
Omid Pourhadi Unassigned,1
Tilman Hausherr Unassigned,32
Arjun Kaushal Arjun Kaushal,1
Unassigned Dan Le,1
Lucille Wilson Lucille Wilson,1
Hossam Hazem Tilman Hausherr,1
Daniel Ritter Maruan Sahyoun,1
Varun Joshi Unassigned,1
Swapnil Sonawane Swapnil Sonawane,1
amit amit,1
Matthias Bläsing Matthias Bläsing,1
Takashi Komatsubara Unassigned,1
sri vasu Andreas Lehmkühler,1
Andreas Lehmkühler Glenn Adams,1
Unassigned Lonzak,1
Unassigned Mangesh Honwad,1
Svetlozar Argirov Unassigned,1
Rui Baeta Rui Baeta,1
Matthias Braun Unassigned,1
Marco Wettstein Marco Wettstein,1
Maruan Sahyoun Justin Rovang,1
Andreas Lehmkühler Evgeniy Muravitskiy,1
Tobias Fischer Tobias Fischer,3
Cristian Mafferra Cristian Mafferra,1
simon steiner Andreas Lehmkühler,2
Brad Baker Brad Baker,1
Christofer Tilman Hausherr,1
Unassigned Kevin Senechal,2
Tilman Hausherr Alex Yolkin,1
Andreas Lehmkühler Jan Vomlel,1
Kent Lee Kent Lee,1
Neil McErlean Neil McErlean,1
Mayank Agarwal Mayank Agarwal,1
Adi Unassigned,1
Alejandro Cerdas Alejandro Cerdas,1
Lee van Hooff Lee van Hooff,1
Kinnary Koshiya Tilman Hausherr,1
Tilman Hausherr Thomas Penne,1
Robert Scharpf Robert Scharpf,1
Jorge Spinsanti Unassigned,8
Zaid Amir Zaid Amir,1
Tilman Hausherr Anonymous,1
Josh Nankin Josh Nankin,1
Sun Peter Andreas Lehmkühler,1
Paul Heinrich Maruan Sahyoun,1
Fabio Maruan Sahyoun,1
Unassigned Navnath Kumbhar,2
Alexandr Capatina Alexandr Capatina,1
Jukka Zitting CP,1
Andy Han Timo Boehme,1
Said Herzallah Said Herzallah,1
Unassigned Gayan Wijenayaka,2
Stephen Threlfall-Rogers Stephen Threlfall-Rogers,1
Svetlozar Argirov Svetlozar Argirov,4
Gerhard Temper Andreas Lehmkühler,1
Adam Nichols Harry Lee,1
Jedrzej Majko Jedrzej Majko,1
Tilman Hausherr Yachun Miao,1
Tilman Hausherr Cyril Bremaud,2
Andreas Lehmkühler Petras,1
Unassigned Robert Scharpf,1
Kevin Senechal Unassigned,2
freddi fred freddi fred,1
Unassigned Michael Ackerl,1
John Hewson Keiji Suzuki,1
Ann Addicks Andreas Lehmkühler,1
chang chang,1
Yan Bing Andreas Lehmkühler,1
Andreas Lehmkühler vakhtang koroghlishvili,3
Pedro Lucas da Silva Junior Unassigned,1
Marek Zajac Marek Zajac,2
Jose Novacho Tilman Hausherr,1
mathieu radiguet mathieu radiguet,1
Unassigned chang,1
Unassigned John Hewson,4
João Gabriel Ferrazza Dias João Gabriel Ferrazza Dias,1
Mikhail Semionenko Mikhail Semionenko,2
mark Unassigned,1
Andreas Lehmkühler Jorge Spinsanti,2
Harippriya Parameswaran Andreas Lehmkühler,2
Gayan Wijenayaka Unassigned,2
dariusz dusberger dariusz dusberger,1
Kristian Jörg Andreas Lehmkühler,1
Lux Unassigned,2
Unassigned Raryel Costa Souza,1
Jens Henrik Rauff Hansen Unassigned,1
Jedrzej Majko Unassigned,1
Yusuke Yamamoto Yusuke Yamamoto,1
Unassigned Ahmed Eltayeb,1
Alexander Kriegisch Alexander Kriegisch,1
Andreas Lehmkühler Juraj Lonc,1
Rene Smit Andreas Lehmkühler,1
Marco Siefert Marco Siefert,1
Yannick Haser Tilman Hausherr,1
Oliver Steinau Unassigned,1
Emmeran Seehuber Emmeran Seehuber,2
Roman Unassigned,9
Lonzak Lonzak,4
Moritz Becker Moritz Becker,1
Unassigned satyaditya m,1
Neus Unassigned,1
Andre Gregori Andre Gregori,1
Nicolas M Unassigned,1
Rees Byars Maruan Sahyoun,1
Tilman Hausherr Daniel Woelfel,1
Unassigned Walter Kehl,1
Daniele guiducci Unassigned,1
Unassigned Alexandros Karargyris,1
Dan Fickling Tilman Hausherr,2
Nikola Radosevic Nikola Radosevic,1
Sandeep Dhawan Sandeep Dhawan,1
Dan Fickling Dan Fickling,2
Tilman Hausherr Kent Lee,1
Ann Addicks Ann Addicks,1
Daniel Persson Unassigned,1
Andreas Lehmkühler Sandeep Dhawan,1
Indra Kumar Indra Kumar,1
Baki Unassigned,1
Thomas Penne Thomas Penne,1
Marco Monacelli Unassigned,3
Marco Wettstein Unassigned,1
Daniel Scheibe Daniel Scheibe,1
Atthapon Junpun-eak Tilman Hausherr,1
Abhishek Sisodia Abhishek Sisodia,1
Lilith Wong Unassigned,1
Jens Vogt Andreas Lehmkühler,1
Seva Alekseyev Tilman Hausherr,2
Tilman Hausherr Robert Šiška,1
Navnath Kumbhar Unassigned,2
Ken Liu Ken Liu,1
Maruan Sahyoun Gerhard Temper,2
Andreas Lehmkühler Alex,1
Fabio Unassigned,1
John Hewson Daniel Scheibe,1
Jinder Aujla Unassigned,1
vaishali bosamia vaishali bosamia,1
Kevin Jackson Andreas Lehmkühler,1
Haiko Strotbek Haiko Strotbek,1
Darren Thompson Darren Thompson,1
Hong-Thai Nguyen Unassigned,1
Unassigned ido sarussy,1
Voravit Unassigned,1
Unassigned Sun Peter,1
Unassigned Maurice Betzel,1
Miloslav Konopík Miloslav Konopík,1
Naohiro OOHIRA Andreas Lehmkühler,1
373 mch 373 mch,1
Tres Finocchiaro Unassigned,1
Jacopo Pugliese Jacopo Pugliese,1
Adam Nichols Anonymous,1
Tilman Hausherr Lonzak,3
Unassigned Dave Hill,1
gil cattaneo Andreas Lehmkühler,1
Unassigned Naga Kishore Vankayala,1
Markus Fensterer Markus Fensterer,1
Christopher Clark Christopher Clark,2
Tilman Hausherr Cheng Chen,1
jack Thomas Chojecki,1
Unassigned Voravit,1
Ville Skyttä Unassigned,1
Unassigned Marco Pancioni,1
Lonzak Unassigned,1
Seva Alekseyev Andreas Lehmkühler,4
ceakki Tilman Hausherr,1
Matthias Bläsing Tilman Hausherr,1
John Hewson Andrew Thomas,1
Sergei Haramundanis Sergei Haramundanis,1
Andreas Lehmkühler Kristian Jörg,1
Nicholas DiPiazza Nicholas DiPiazza,2
Andreas Lehmkühler tirumala,2
keith mukwiri keith mukwiri,1
Nazar Dub Unassigned,1
Ben McCann Ben McCann,1
Andreas Lehmkühler Lori,1
Omid Pourhadi Omid Pourhadi,1
Mohammed Mostafa Mohammed Mostafa,1
Emmeran Seehuber Tilman Hausherr,1
Alex Andreas Lehmkühler,1
Cheng Chen Cheng Chen,1
Unassigned Jason Cui,1
Darren Thompson Unassigned,1
Philip Helger John Hewson,2
Unassigned Esteban Nicolas Ruiz,3
ahmad kamal ahmad kamal,1
Teon Metselaar Teon Metselaar,1
Unassigned Uwe Möser,1
Johan Delouvée Johan Delouvée,1
Vijay Vijay,1
tirumala Unassigned,1
Thomas Chojecki Álison Fernandes,2
Travis Schneeberger Maruan Sahyoun,3
Anonymous Tilman Hausherr,1
Unassigned Gurcan T,1
Vasiliy Sadokhin Vasiliy Sadokhin,1
Tilman Hausherr Maruan Sahyoun,5
Tilman Hausherr Alessandro Marini,1
GirishPatil Tilman Hausherr,1
Wayne Chan Andreas Lehmkühler,1
Unassigned ccouturi,1
Unassigned qianli chen,1
Harippriya Parameswaran Harippriya Parameswaran,2
Andreas Lehmkühler Kevin Jackson,1
anil kumar anil kumar,1
vaishali bosamia Unassigned,1
Unassigned Sergei Haramundanis,1
Unassigned Ryan Kimber,1
Thomas Chojecki Thomas Chojecki,5
John Hewson John Hewson,40
Unassigned RuhongCai,1
Ilya Scherbakov Ilya Scherbakov,1
Richard Brown Richard Brown,2
Tilman Hausherr Miro Mannino,2
Aleksandar Veljovic Unassigned,1
Unassigned xl19870217,2
Stephan Götter Andreas Lehmkühler,1
Jukka Zitting David Horwitz,1
John Hewson Maruan Sahyoun,2
Lori Lori,1
Jens Kapitza Unassigned,1
Tilman Hausherr Cameron Rollheiser,1
Neil McErlean Unassigned,1
Unassigned Yannick Haser,1
Johannes Porzelt Unassigned,1
Tilman Hausherr João Gabriel Ferrazza Dias,1
Tilman Hausherr Friedwin Fleischmann,1
Unassigned Nicholas DiPiazza,2
Unassigned Christian Kohlschütter,1
Subrata Kumar Pradhan Subrata Kumar Pradhan,2
Evan Williams Evan Williams,1
Said Herzallah Tilman Hausherr,1
Jorge Spinsanti Andreas Lehmkühler,2
Niall Pemberton Niall Pemberton,1
Jan Vomlel Andreas Lehmkühler,1
Sean Story Sean Story,1
Yauheni Salopiy Yauheni Salopiy,6
Teon Metselaar Unassigned,1
Tilman Hausherr Petras,5
Jason Mackin Jason Mackin,2
Unassigned nielsen,1
Lori Andreas Lehmkühler,1
Unassigned prabaharan periasamy,1
Konstantinos Kostarellis Tilman Hausherr,1
Unassigned Alexandr Capatina,1
Andreas Lehmkühler Stefan Mücke,1
Ahmed Eltayeb Unassigned,1
Cameron Rollheiser Cameron Rollheiser,1
kohdai Unassigned,1
Arjohn Kampman Tilman Hausherr,1
keith mukwiri Unassigned,1
Shadrack Unassigned,1
Maruan Sahyoun Tilman Ginzel,1
Jukka Zitting Brian Carrier,1
Unassigned Emmeran Seehuber,1
Villu Ruusmann Unassigned,2
Evgeny Chesnokov Unassigned,1
Cheng Chen Tilman Hausherr,1
huazhong Tilman Hausherr,1
Fred Hansen Fred Hansen,1
Vasiliy Sadokhin Unassigned,1
ccouturi ccouturi,2
Unassigned Mikhail Semionenko,2
Tilman Hausherr rogier mars,1
Tilman Hausherr Miloslav Konopík,1
Tilman Hausherr Tilman Hausherr,481
Gerhard Temper Gerhard Temper,3
Petr Slaby Tilman Hausherr,2
Unassigned Wei Zhang,1
Unassigned Pasi-Markus Mäkelä,1
Petr Michálek Petr Michálek,1
Tilman Hausherr Jose Novacho,1
Andreas Lehmkühler Christian Kohlschütter,1
Andreas Lehmkühler Tim Allison,1
chang Unassigned,1
KUMARA SWAMY PALLUKURI KUMARA SWAMY PALLUKURI,1
Unassigned GirishPatil,1
Tilman Hausherr Andrii Radistao,1
Tilman Hausherr simon steiner,7
Yan Yan,1
Tilman Hausherr Kinnary Koshiya,1
Atthapon Junpun-eak Atthapon Junpun-eak,1
Andreas Lehmkühler Jens Vogt,1
gopalbhalala gopalbhalala,1
Thanos Agelatos Unassigned,1
Unassigned Andreas Meier,1
Sun Peter Sun Peter,2
Jens Henrik Rauff Hansen Jens Henrik Rauff Hansen,1
Unassigned Philip Helger,1
Donghe Youn Donghe Youn,1
Timur Kamalov Tilman Hausherr,2
Maelig Gohin Maelig Gohin,1
Uwe Möser Uwe Möser,1
Stan Taylor Unassigned,1
Unassigned Rui Baeta,1
Viraf Bankwalla Unassigned,1
Unassigned Juraj Lonc,1
Friedwin Fleischmann Tilman Hausherr,1
hui xu Maruan Sahyoun,1
Ingmar Marquardt Unassigned,1
Luca Battistelli Unassigned,1
Marco Siefert John Hewson,1
Dennis Noordsij Tilman Hausherr,1
Jens Vogt Jens Vogt,1
Christian Kohlschütter Unassigned,1
Tilman Ginzel Maruan Sahyoun,1
Marco Pancioni Unassigned,1
Jukka Zitting Anonymous,8
Tilman Hausherr Moritz Orth,1
Unassigned Maxime Guerreiro,1
John Hewson Philip Helger,2
Maruan Sahyoun hui xu,1
Unassigned Dmitri Russu,4
KUMARA SWAMY PALLUKURI Tilman Hausherr,1
Andreas Lehmkühler Cornelis Hoeflake,1
Robert Šiška Robert Šiška,1
Unassigned Yachun Miao,1
Takashi Komatsubara Takashi Komatsubara,1
Petr Slaby Petr Slaby,2
Tilman Hausherr Julian Cowan,1
Vladimir Adam Nichols,1
Alexandre Yantouri Alexandre Yantouri,1
John Hewson 373 mch,1
Daniel Woelfel Tilman Hausherr,1
Jorge Spinsanti Jorge Spinsanti,16
Unassigned Alexandre,2
Justin Rovang Maruan Sahyoun,1
Daniel Persson Daniel Persson,2
simon steiner Maruan Sahyoun,3
Unassigned Baki,1
Zaid Amir Tilman Hausherr,1
Unassigned Indra Kumar,1
Hayk Hayryan Hayk Hayryan,1
Unassigned Senthilvinayaham Murugan,1
Tilman Hausherr Dmitri Ess,1
Aditya Sanjay Badve Unassigned,1
Tilman Hausherr Maelig Gohin,1
Manuel Gübeli Manuel Gübeli,1
Unassigned Nicolas Daniels,1
Alexandre Unassigned,2
Unassigned Yan Bing,2
Unassigned Luca Battistelli,1
Antoine Ribes Antoine Ribes,1
Yusuke Yamamoto Unassigned,1
David KELLER Unassigned,1
Anonymous Unassigned,83
Linus Tseng Linus Tseng,1
Raryel Costa Souza Unassigned,1
John Hewson simon steiner,1
Francesco Francesco,2
Álison Fernandes Unassigned,1
Andreas Lehmkühler NEHA SINGH,1
Ilija Pavlic Andreas Lehmkühler,1
Krisztian Mangold Krisztian Mangold,1
anil kumar Unassigned,1
Rees Byars Rees Byars,1
Ivan Ridao Freitas Ivan Ridao Freitas,1
Brian Carrier Jukka Zitting,1
Andreas Lehmkühler Naohiro OOHIRA,1
NEHA SINGH Andreas Lehmkühler,1
Andy Han Andy Han,1
Alex Yolkin Tilman Hausherr,1
Marc Stuart Marc Stuart,2
Unassigned Harun Reşit Zafer,2
Unassigned Linus Tseng,1
Don Jensen Don Jensen,1
Neus Neus,1
Chris Bowditch Chris Bowditch,1
Villu Ruusmann Villu Ruusmann,2
Erika Ferguson Andreas Lehmkühler,1
Unassigned Kaleb Akalework,1
Tilman Hausherr Radomir Mladenovic,2
Unassigned Dave Carswell,1
Giacomo Boccardo Unassigned,1
Unassigned Siegfried Goeschl,2
Unassigned gowrisankar,1
Manuel Gübeli Tilman Hausherr,1
Alessandro Marini Tilman Hausherr,1
James Green James Green,1
Maruan Sahyoun rumburak,2
Jose Novacho Jose Novacho,1
Dominik Bauer Unassigned,1
Jacky Yang Jacky Yang,1
ccouturi Tilman Hausherr,1
Unassigned Giacomo Boccardo,1
Unassigned Thanos Agelatos,1
Tilman Hausherr Christopher Creutzig,1
Esteban Nicolas Ruiz Unassigned,3
Christoph Langheld John Hewson,1
Mark Melling Tilman Hausherr,1
Andrea Vacondio Andrea Vacondio,1
Unassigned Mayank Agarwal,1
Vijay Unassigned,1
Unassigned simon steiner,17
Dmitri Ess Dmitri Ess,1
Andreas Lehmkühler Arul Dhesiaseelan,1
samuel lumière samuel lumière,1
Unassigned Hendrik Degener,1
Unassigned Daniel Wilson,1
Stefano Falconetti Stefano Falconetti,1
Unassigned Joseph Berglund,1
prabaharan periasamy prabaharan periasamy,1
Gurcan T Unassigned,1
Pierrick Vandenbroucke Unassigned,1
Matt Wise Unassigned,1
Unassigned Peter Lehto,1
Gilad Denneboom Gilad Denneboom,2
Tres Finocchiaro Tres Finocchiaro,3
Krishnan Maruan Sahyoun,1
Vadimo Unassigned,1
Petras Petras,7
savan patel savan patel,1
Anonymous Thomas Chojecki,1
Luis Filipe Nassif Andreas Lehmkühler,2
Tobias Fischer Unassigned,2
Tilman Hausherr dariusz dusberger,1
Haiko Strotbek Unassigned,1
Unassigned ahmad kamal,1
Caleb Cushing Caleb Cushing,1
Tilman Hausherr freddi fred,1
Christian Maierhofer Christian Maierhofer,1
Tilman Hausherr Jorge Spinsanti,6
Tilman Hausherr Roman,1
Aleksandar Veljovic Aleksandar Veljovic,1
Afsiya Alavumkudy Afsiya Alavumkudy,1
Unassigned Varun Joshi,1
Antoine Ribes Unassigned,1
gopalbhalala Unassigned,1
Moritz Becker Tilman Hausherr,1
Andreas Lehmkühler Lawrence Kesteloot,1
Tilman Hausherr Atthapon Junpun-eak,1
Yoan Alvarez Andreas Lehmkühler,1
Robin Jonsson Unassigned,1
acker apple acker apple,1
Varun Joshi Varun Joshi,1
Baki Baki,1
Indra Kumar Unassigned,1
Larry West Larry West,1
Tilman Hausherr Said Herzallah,1
Fred Hansen Unassigned,1
Aaron Eischeid Maruan Sahyoun,1
Andreas Romeyke Unassigned,1
Unassigned Johannes Porzelt,1
David KELLER David KELLER,2
Marco Silva Tilman Hausherr,1
Vittal Aithal Vittal Aithal,1
ccouturi Unassigned,1
Unassigned Tim Allison,1
Eric Schwarzenbach Eric Schwarzenbach,1
dariusz dusberger Tilman Hausherr,1
Mark Melling Mark Melling,2
Naga Kishore Vankayala Unassigned,1
Unassigned Stephen Threlfall-Rogers,1
Lilith Wong Lilith Wong,1
Unassigned Don Jensen,1
Andreas Lehmkühler John Hewson,1
steve neo Unassigned,1
Tim Allison Unassigned,1
Tilman Hausherr ccouturi,1
Arjohn Kampman Arjohn Kampman,1
Arjun Kaushal Unassigned,1
Andreas Lehmkühler Pierre Huttin,1
Andreas Lehmkühler Mohammed Mostafa,1
Maruan Sahyoun Scott Coldwell,4
Alexis Suter Alexis Suter,2
Unassigned Ed Sawdon,1
Marino Unassigned,1
gee Andreas Lehmkühler,1
Julian Cowan Tilman Hausherr,1
Ace Unassigned,1
Tilman Hausherr Ivan Khaldeev,1
Pei-Tang Huang Pei-Tang Huang,3
Miloslav Konopík Tilman Hausherr,1
Tilman Hausherr Christopher Clark,2
Andreas Lehmkühler Vu Tran,1
Tilman Hausherr May Yu,1
Vladimir Vladimir,1
Unassigned Neus,1
Unassigned Nino Skopac,1
amit Andreas Lehmkühler,1
Luis Filipe Nassif Tilman Hausherr,1
Cyril Bremaud Tilman Hausherr,2
Andreas Lehmkühler sri vasu,1
Raryel Costa Souza Raryel Costa Souza,1
Travis Schneeberger Travis Schneeberger,3
Unassigned Kai Keggenhoff,1
Maho Rashad Maho Rashad,1
Matus Zamborsky Andreas Lehmkühler,1
xl19870217 xl19870217,3
Kaleb Akalework Unassigned,1
Tilman Hausherr Sean Story,1
Pierre Huttin Andreas Lehmkühler,1
javad javad,2
Tilman Hausherr Tobias Fischer,1
Andreas Lehmkühler Jay Askren,1
Tilman Hausherr Andrea Paternesi,1
Unassigned Swapnil Sonawane,1
Kevin Jackson Kevin Jackson,1
NEHA SINGH NEHA SINGH,1
Tilman Hausherr Arjohn Kampman,1
Richard Brown Maruan Sahyoun,1
Unassigned sunnyawake,2
Unassigned Subrata Kumar Pradhan,2
Kevin Senechal Kevin Senechal,2
Alexandr Capatina Unassigned,1
Svetlozar Argirov Tilman Hausherr,3
Alessandro Marini Alessandro Marini,1
Unassigned Artem Logachev,1
Giacomo Boccardo Giacomo Boccardo,1
Glenn Adams Glenn Adams,1
Timo Boehme Thomas Chojecki,1
Unassigned Yann-Gaël Guéhéneuc,1
Andreas Lehmkühler Richard Brown,1
Vitaliy Parfenov Tilman Hausherr,1
Jörg Henne Unassigned,1
Pierre Huttin Pierre Huttin,1
Unassigned sunny xia,1
Kent Lee Tilman Hausherr,1
Andriy Unassigned,1
Lux Lux,2
Tilman Hausherr Jay Askren,1
gowrisankar Unassigned,1
Jon Wu Tilman Hausherr,1
Emam Hasan Unassigned,1
Unassigned austinchen,2
Senthilvinayaham Murugan Unassigned,1
Unassigned Roman,9
Unassigned Omid Pourhadi,1
Unassigned Jens Kapitza,1
José Jiménez José Jiménez,1
austinchen Unassigned,2
Tilman Hausherr Guillaume Monteils,1
Dirk Groeneveld Dirk Groeneveld,1
Marco Monacelli Andreas Lehmkühler,1
Yannick Haser Yannick Haser,2
Unassigned Ravi Teja,1
Unassigned Svetlozar Argirov,1
kohdai kohdai,3
Andreas Lehmkühler gil cattaneo,1
Wei Zhang Wei Zhang,1
Donghe Youn Tilman Hausherr,1
Jason Cui Unassigned,1
Marco Monacelli Marco Monacelli,6
Christopher Creutzig Christopher Creutzig,1
Unassigned Roman Pichlik,1
Konstantinos Kostarellis Konstantinos Kostarellis,1
Ravi Ravi,1
Joel Hirsh Unassigned,2
Unassigned steve neo,1
Cyril Bremaud Andreas Lehmkühler,3
xl19870217 Tilman Hausherr,1
Adam Hooper Adam Hooper,1
Ch. Schlatter Tilman Hausherr,2
Unassigned Stefano Falconetti,1
Álison Fernandes Álison Fernandes,3
Walter Kehl Walter Kehl,1
Unassigned Viraf Bankwalla,1
Sascha Becher Sascha Becher,1
Unassigned Hong-Thai Nguyen,1
Pei-Tang Huang John Hewson,2
Erika Ferguson Erika Ferguson,1
Unassigned Alexis Suter,2
prabaharan periasamy Unassigned,1
Cornelis Hoeflake Cornelis Hoeflake,2
Christopher Clark Tilman Hausherr,2
Esteban Nicolas Ruiz Tilman Hausherr,2
Julien Keruzec Julien Keruzec,1
Unassigned Marek Zajac,2
Unassigned Fabio,1
Unassigned Rubesh MX,1
Tilman Hausherr GirishPatil,1
Tilman Hausherr Samuel Clark,1
Thomas Chojecki Anonymous,1
Unassigned Arthur Freitas e Menezes,1
Andreas Lehmkühler James Green,1
Christian Kohlschütter Christian Kohlschütter,3
Thanos Agelatos Thanos Agelatos,1
Tilman Hausherr Tim Allison,1
Unassigned Anonymous,77
Unassigned smita das,1
Hasan Karaoğlu Unassigned,3
huazhong huazhong,1
Tobias Fischer Tilman Hausherr,1
Unassigned Stephen Eisenhauer,1
Guyenot Jeremy Guyenot Jeremy,1
Tilman Hausherr Andreas Lehmkühler,25
Kurt Devlin Kurt Devlin,1
Unassigned Vijay,1
Unassigned Álison Fernandes,1
Naohiro OOHIRA Naohiro OOHIRA,1
Dave Carswell Dave Carswell,1
Shadrack Shadrack,1
Emmeran Seehuber Unassigned,1
Stephen Eisenhauer Stephen Eisenhauer,1
Tilman Ginzel Tilman Ginzel,2
Mark Melling Unassigned,1
Tilman Hausherr Daniel Zsigus,1
Wayne Chan Wayne Chan,1
sunnyawake Unassigned,2
Josh Nankin Andreas Lehmkühler,1
Andreas Lehmkühler Josh Nankin,1
Daniel Wilson Daniel Wilson,1
Andreas Lehmkühler Roland Quast,2
Andreas Lehmkühler Paul Heinrich,1
Sharmilee S Unassigned,1
Andreas Lehmkühler Sun Peter,1
Unassigned Rakshit Ashtekar,1
Tilman Hausherr Harun Reşit Zafer,1
Maruan Sahyoun Travis Schneeberger,3
James Green Andreas Lehmkühler,1
Unassigned Brad Baker,1
GloryKim GloryKim,1
Durgesh Agrawal Tilman Hausherr,1
Unassigned Bernd Engelhardt,1
Guillaume Monteils Guillaume Monteils,1
Larrosa Cédric Larrosa Cédric,1
Danzelot Andreas Lehmkühler,1
Andre Gregori Unassigned,1
Yann-Gaël Guéhéneuc Unassigned,1
Justin Rovang Justin Rovang,1
Ken F Unassigned,1
Richard Brown Andreas Lehmkühler,1
CP CP,2
Thomas Chojecki jack,1
Ilia Karabanov Ilia Karabanov,1
Nicolas PENINGUY Nicolas PENINGUY,1
Sergei Ovchinnikov Unassigned,1
Maruan Sahyoun Unassigned,13
Andreas Lehmkühler Eric Schwarzenbach,1
Ankit Agarwal Ankit Agarwal,1
Unassigned Jörg Henne,1
Unassigned Daniele guiducci,1
Pierrick Vandenbroucke Pierrick Vandenbroucke,1
Sergei Ovchinnikov Sergei Ovchinnikov,1
Kaleb Akalework Kaleb Akalework,1
Nagendra Nagendra,1
Thomas Chojecki Unassigned,1
Unassigned Peter Pinnau,1
Christanto Christanto,1
Unassigned Andrea Paternesi,1
Yoan Alvarez Yoan Alvarez,1
Kinnary Koshiya Kinnary Koshiya,1
Mohammed Mostafa Andreas Lehmkühler,1
ahmad kamal Unassigned,1
mark mark,1
Andreas Lehmkühler Aaron Madlon-Kay,1
Alexandros Karargyris Unassigned,1
Aaron Madlon-Kay Andreas Lehmkühler,1
Niall Pemberton Jukka Zitting,1
Tilman Hausherr ceakki,1
Christoph Bimminger Tilman Hausherr,1
gee gee,1
ryuukei ryuukei,2
Ryan Kimber Ryan Kimber,1
John Hewson Unassigned,4
mathieu radiguet Andreas Lehmkühler,1
Andreas Meier Andreas Meier,1
Oliver Steinau Oliver Steinau,1
Rampradeep B Unassigned,1
MH MH,3
Jon Ominsky Jon Ominsky,1
Maruan Sahyoun Maruan Sahyoun,52
Gregor Ambrozic Andreas Lehmkühler,1
Unassigned Andy McMullan,1
Pavel Fol Tilman Hausherr,1
Samuel Clark Tilman Hausherr,1
Yan Unassigned,1
Tilman Hausherr Andrea Vacondio,1
Tilman Hausherr Edward Kupershlak,1
Abhishek Sisodia Andreas Lehmkühler,1
Unassigned Ilya Scherbakov,1
Igor Santos Igor Santos,1
Dave Carswell Unassigned,1
John Hewson Andreas Lehmkühler,1
Radomir Mladenovic Radomir Mladenovic,2
Andreas Lehmkühler MH,2
Ravi Teja Ravi Teja,1
Julien Keruzec Unassigned,1
Johannes Porzelt Johannes Porzelt,1
Kristian Jörg Kristian Jörg,1
ryuukei Unassigned,1
Andreas Lehmkühler simon steiner,2
Ryan Kimber Unassigned,1
Venkatesh Prasad Andreas Lehmkühler,1
smita das smita das,1
Harry Lee Adam Nichols,1
Tilman Hausherr Igor Santos,1
Christian Kohlschütter Andreas Lehmkühler,1
GloryKim Andreas Lehmkühler,1
Roman Tilman Hausherr,1
Andreas Lehmkühler Alejandro Cerdas,1
Andreas Lehmkühler Erika Ferguson,1
Hossam Hazem Hossam Hazem,1
kazu kazu,1
Andreas Lehmkühler Cyril Bremaud,3
Unassigned Ivan Ridao Freitas,1
acker apple Maruan Sahyoun,1
Arul Dhesiaseelan Andreas Lehmkühler,1
Tilman Hausherr José Jiménez,1
Joseph Berglund Joseph Berglund,1
NAYAB HUSSAIN NAYAB HUSSAIN,1
Unassigned Maciej Matecki,1
Tilman Hausherr Wolfgang Hamann,1
tirumala tirumala,3
Vlad-Tudor Marchis Vlad-Tudor Marchis,1
Michel Pawlak Michel Pawlak,1
Andreas Lehmkühler Gerhard Temper,1
Varshal Varshal,2
Unassigned Vincent,1
Stephen Eisenhauer Unassigned,1
Harun Reşit Zafer Harun Reşit Zafer,3
Nicolas M Nicolas M,1
Unassigned Ralf Hauser,5
Ken Liu Andreas Lehmkühler,1
Michael Ackerl Michael Ackerl,1
Dave Hill Unassigned,1
Marco Pancioni Marco Pancioni,1
Paul Heinrich Andreas Lehmkühler,1
Ilia Karabanov Tilman Hausherr,1
GirishPatil GirishPatil,2
Philip Helger Andreas Lehmkühler,1
Johnny Minty Andreas Lehmkühler,1
Anonymous Adam Nichols,1
Thomas Chojecki vakhtang koroghlishvili,1
Emanuel Greisen John Hewson,1
Radomir Mladenovic Tilman Hausherr,2
Tilman Hausherr huazhong,1
Unassigned Stefan Feenstra,1
Jason Cui Jason Cui,1
Ravi Tilman Hausherr,1
Lawrence Kesteloot Andreas Lehmkühler,1
Vu Tran Andreas Lehmkühler,1
Matthias Braun Matthias Braun,1
Lucille Wilson Tilman Hausherr,1
Andreas Lehmkühler Andreas Lehmkühler,68
ido sarussy ido sarussy,1
Unassigned David KELLER,1
Kai Keggenhoff Kai Keggenhoff,1
Andreas Lehmkühler Yan Bing,1
NAYAB HUSSAIN Unassigned,1
Keiji Suzuki Keiji Suzuki,1
Stefano Falconetti Unassigned,1
Tilman Hausherr Jon Wu,1
Maurice Betzel Unassigned,1
Vlad-Tudor Marchis Tilman Hausherr,1
Stefan Mücke Stefan Mücke,1
prashant dhaka prashant dhaka,1
Andrii Radistao Andrii Radistao,1
Tilman Hausherr Luca Battistelli,1
Evgeniy Muravitskiy Evgeniy Muravitskiy,2
Varshal Unassigned,2
Unassigned Oliver Steinau,1
Unassigned Michel Pawlak,1
Wolfgang Hamann Wolfgang Hamann,1
gowrisankar gowrisankar,1
Unassigned uday kiran,1
Maruan Sahyoun Aaron Eischeid,1
Nazar Dub Nazar Dub,1
Ace Ace,1
Unassigned gopalbhalala,1
Tilman Hausherr Evgeniy Muravitskiy,1
Tilman Hausherr Cristian Mafferra,1
Maruan Sahyoun Rees Byars,1
Guillaume Monteils Tilman Hausherr,1
Dan Le Unassigned,1
Nino Skopac Unassigned,1
Tilman Hausherr Peter Pinnau,1
Unassigned Kabeer Vohra,1
Unassigned Ankit Agarwal,1
Jan Vomlel Jan Vomlel,1
Kabeer Vohra Unassigned,1
Tres Finocchiaro Tilman Hausherr,2
Gregor Ambrozic Gregor Ambrozic,1
Unassigned Nicolas M,1
Andreas Lehmkühler GloryKim,1
Gayan Wijenayaka Gayan Wijenayaka,2
Maruan Sahyoun Paul Heinrich,1
Unassigned Daniel Persson,1
Tilman Hausherr Vlad-Tudor Marchis,1
kohdai Tilman Hausherr,2
Ilija Pavlic Ilija Pavlic,1
Unassigned Jens Henrik Rauff Hansen,1
Ville Skyttä Ville Skyttä,1
Unassigned Seva Alekseyev,6
Unassigned vaishali bosamia,1
Unassigned kohdai,1
Unassigned Vadimo,1
Lawrence Kesteloot Lawrence Kesteloot,1
Wolfgang Hamann Tilman Hausherr,1
Gurcan T Gurcan T,1
Tilman Hausherr Mike Kaplinskiy,1
Christofer Christofer,1
Unassigned Tres Finocchiaro,1
Roman Roman,10
Panayiotis Vlissidis Andreas Lehmkühler,1
RuhongCai Unassigned,1
Tilman Hausherr Manuel Gübeli,1
Tilman Hausherr samuel lumière,1
John Hewson Pei-Tang Huang,2
Andrii Radistao Tilman Hausherr,1
Roland Quast Roland Quast,2
Quentin Caillard Quentin Caillard,1
Thomas Jodes Thomas Jodes,1
austinchen austinchen,2
uday kiran Unassigned,1
John Hewson Guillaume Bailleul,1
Unassigned Yauheni Salopiy,4
Tilman Hausherr Caleb Cushing,1
Uwe Möser Unassigned,1
Unassigned Marco Monacelli,3
Cyril Bremaud Cyril Bremaud,5
dennis lucero dennis lucero,2
Unassigned ryuukei,1
Jay Askren Tilman Hausherr,1
Lee van Hooff Tilman Hausherr,1
Seva Alekseyev Unassigned,6
Corinna Kinchin Unassigned,1
Andreas Lehmkühler Tilman Hausherr,25
Hayk Hayryan Unassigned,1
Ben McCann Tilman Hausherr,1
Unassigned keith mukwiri,1
qianli chen Unassigned,1
Daniel Zsigus Daniel Zsigus,1
Andreas Lehmkühler Ilija Pavlic,1
Ch. Schlatter Unassigned,1
Pasi-Markus Mäkelä Unassigned,1
Unassigned Evgeny Chesnokov,1
xl19870217 Unassigned,2
Roland Quast Andreas Lehmkühler,2
Andreas Lehmkühler Thomas Jodes,1
prashant dhaka Andreas Lehmkühler,1
Miro Mannino Miro Mannino,2
Ivan Khaldeev Ivan Khaldeev,1
Maruan Sahyoun kazu,1
steve neo steve neo,1
Tilman Hausherr Moritz Becker,1
Unassigned Julien Keruzec,1
Unassigned Sergei Ovchinnikov,1
Andreas Lehmkühler Harippriya Parameswaran,2
Larry West Unassigned,1
Daniele guiducci Daniele guiducci,1
Tilman Hausherr Timur Kamalov,2
Andrea Paternesi Tilman Hausherr,1
Ahmed Eltayeb Ahmed Eltayeb,1
MH Andreas Lehmkühler,2
Unassigned Andre Gregori,1
Andreas Lehmkühler Johan Delouvée,1
Tilman Hausherr Zaid Amir,1
Tilman Hausherr David KELLER,1
Pavel Fol Pavel Fol,1
Peter Pinnau Unassigned,1
Unassigned Antoine Ribes,1
Thomas Chojecki Timo Boehme,1
Cristian Mafferra Tilman Hausherr,1
Eric Schwarzenbach Andreas Lehmkühler,1
Moritz Orth Tilman Hausherr,1
Chris Bowditch Unassigned,1
Timo Boehme Andy Han,1
Pravinkumar Unassigned,1
Alexandros Karargyris Alexandros Karargyris,1
Joel Hirsh Joel Hirsh,3
Tilman Hausherr Marc Stuart,2
gil cattaneo gil cattaneo,1
Quentin Caillard Unassigned,1
Tilman Hausherr Yauheni Salopiy,2
Bernd Engelhardt Unassigned,1
Ashok Chigullapally Ashok Chigullapally,1
Unassigned Alexander Veit,1
Andreas Lehmkühler amit,1
simon steiner Unassigned,17
José Jiménez Tilman Hausherr,1
Ivan Khaldeev Tilman Hausherr,1
Unassigned Arjun Kaushal,1
Unassigned Adi,1
smita das Unassigned,1
Unassigned Nikola Radosevic,1
Nicholas DiPiazza Unassigned,2
Maruan Sahyoun simon steiner,3
Alex Yolkin Alex Yolkin,1
rumburak Maruan Sahyoun,2
Amir Maruan Sahyoun,1
Daniel Wilson Unassigned,1
Andreas Lehmkühler Ashok Chigullapally,1
Ingmar Marquardt Ingmar Marquardt,1
Andrea Paternesi Andrea Paternesi,2
Anonymous Andreas Lehmkühler,17
Jay Askren Jay Askren,2
373 mch John Hewson,1
Harun Reşit Zafer Unassigned,2
Unassigned Matt Hicks,1
Unassigned Darren Thompson,1
Maruan Sahyoun Amir,1
Tilman Ginzel Tilman Hausherr,1
Matt Hicks Unassigned,1
Andreas Lehmkühler Philip Helger,1
Sergei Haramundanis Unassigned,1
Unassigned mark,1
Tilman Hausherr Donghe Youn,1
Andreas Lehmkühler prashant dhaka,1
Tilman Hausherr savan patel,1
Gilad Denneboom Maruan Sahyoun,2
Tilman Hausherr Ravi,1
Christian Czech Christian Czech,1
Navnath Kumbhar Navnath Kumbhar,2
Unassigned Tilman Hausherr,32
Unassigned Villu Ruusmann,2
Matus Zamborsky Matus Zamborsky,1
Kabeer Vohra Kabeer Vohra,1
Tilman Hausherr vakhtang koroghlishvili,1
Pasi-Markus Mäkelä Pasi-Markus Mäkelä,1
Tilman Hausherr Durgesh Agrawal,1
David Horwitz Jukka Zitting,1
Matt Hicks Matt Hicks,1
Vadimo Vadimo,1
Daniel Woelfel Daniel Woelfel,1
Unassigned Fred Hansen,1
Unassigned Yusuke Yamamoto,1
Thomas Penne Tilman Hausherr,1
Unassigned Christian Czech,1
Tilman Hausherr Svetlozar Argirov,3
Ralf Hauser Unassigned,5
Unassigned Adam Hooper,1
Tilman Hausherr Markus Fensterer,1
tirumala Andreas Lehmkühler,2
Andreas Lehmkühler Štěpán Schejbal,1
Ken F Ken F,1
Wei Zhang Unassigned,1
Unassigned Matthias Braun,1
Adam Nichols Vladimir,1
Mangesh Honwad Mangesh Honwad,1
Unassigned tirumala,1
Andreas Lehmkühler Jay Modi,1
qianli chen qianli chen,1
Esteban Nicolas Ruiz Esteban Nicolas Ruiz,5
Tilman Hausherr Kurt Devlin,1
Emanuel Greisen Emanuel Greisen,1
Andreas Lehmkühler Marco Monacelli,1
Rakshit Ashtekar Rakshit Ashtekar,1
Hendrik Degener Hendrik Degener,1
May Yu May Yu,1
Unassigned Haiko Strotbek,1
Tilman Hausherr John Hewson,8
Mikhail Semionenko Unassigned,2
Maciej Matecki Unassigned,1
Andreas Lehmkühler Rene Smit,1
Don Jensen Unassigned,1
Tilman Hausherr Alexander Kriegisch,1
rumburak rumburak,3
vakhtang koroghlishvili Andreas Lehmkühler,3
Cornelis Hoeflake Andreas Lehmkühler,1
Alexander Veit Unassigned,1
Ashok Chigullapally Andreas Lehmkühler,1
Maelig Gohin Tilman Hausherr,1
Dmitri Russu Unassigned,4
Glenn Adams Andreas Lehmkühler,1
Brian Carrier Brian Carrier,1
Alexandre Alexandre,2
Nikola Radosevic Unassigned,1
Tilman Hausherr Petr Slaby,2
Dirk Groeneveld Unassigned,1
John Hewson Tilman Hausherr,8
Moritz Orth Moritz Orth,1
Tilman Hausherr Christoph Bimminger,1
Juraj Lonc Juraj Lonc,2
Tilman Hausherr Daniel Persson,1
Ralf Hauser Ralf Hauser,5
Scott Coldwell Scott Coldwell,4
Hendrik Degener Unassigned,1
Harry Lee Harry Lee,1
Unassigned Jason Mackin,2
Edward Kupershlak Tilman Hausherr,1
Andreas Lehmkühler Abhishek Sisodia,1
Alex Alex,1
Maruan Sahyoun Matt Wise,1
Unassigned Joel Hirsh,2
Andreas Lehmkühler Wayne Chan,1
Krishnan Krishnan,1
Krisztian Mangold Andreas Lehmkühler,1
Alejandro Cerdas Andreas Lehmkühler,1
Unassigned Larrosa Cédric,1
Tilman Hausherr Luis Filipe Nassif,1
Tilman Hausherr Matthias Bläsing,1
Emily Coyne Tilman Hausherr,1
Unassigned Jinder Aujla,1
Nicolas Daniels Unassigned,1
Tilman Hausherr Dennis Noordsij,1
Maciej Matecki Maciej Matecki,1
Walter Kehl Unassigned,1
Andreas Lehmkühler Unassigned,5
samuel lumière Tilman Hausherr,1
Andreas Lehmkühler Gregor Ambrozic,1
Andreas Lehmkühler Ann Addicks,1
Julian Cowan Julian Cowan,1
Jay Askren Andreas Lehmkühler,1
Petr Michálek Andreas Lehmkühler,1
Tilman Hausherr Vitaliy Parfenov,1
Unassigned Rampradeep B,1
Unassigned Neil McErlean,1
sunnyawake sunnyawake,3
Hong-Thai Nguyen Hong-Thai Nguyen,1
Cornelis Hoeflake Unassigned,1
Nino Skopac Nino Skopac,1
Jon Wu Jon Wu,1
GirishPatil Unassigned,1
Nicolas PENINGUY Unassigned,1
John Hewson Marco Siefert,1
Ed Sawdon Unassigned,1
Unassigned Sandeep,1
Unassigned Andreas Romeyke,1
Harun Reşit Zafer Tilman Hausherr,1
Unassigned Sharmilee S,1
Tim Barrett Tim Barrett,1
Evgeniy Muravitskiy Andreas Lehmkühler,1
Unassigned Emam Hasan,1
Andrea Vacondio Tilman Hausherr,1
Tilman Hausherr Evan Williams,1
Unassigned Teon Metselaar,1
Andreas Lehmkühler Stephan Götter,1
Johan Delouvée Andreas Lehmkühler,1
Andreas Lehmkühler Petr Michálek,1
Unassigned Ch. Schlatter,1
vakhtang koroghlishvili vakhtang koroghlishvili,5
Unassigned Nicolas PENINGUY,1
rumburak Unassigned,1
Panayiotis Vlissidis Panayiotis Vlissidis,1
Alexander Veit Alexander Veit,1
V V,1
Mike Kaplinskiy Mike Kaplinskiy,1
Tilman Hausherr Emily Coyne,1
Unassigned Pedro Lucas da Silva Junior,1
Alexandre Yantouri Tilman Hausherr,1
Andreas Lehmkühler Luis Filipe Nassif,2
Maho Rashad Andreas Lehmkühler,1
simon steiner simon steiner,30
Michael Ackerl Unassigned,1
Jon Ominsky Unassigned,1
rogier mars Tilman Hausherr,1
Venkatesh Prasad Venkatesh Prasad,1
Evan Williams Tilman Hausherr,1
David KELLER Tilman Hausherr,1
Guyenot Jeremy Andreas Lehmkühler,1
Tilman Hausherr ryuukei,1
Maurice Betzel Maurice Betzel,1
ido sarussy Unassigned,1
Stephen Threlfall-Rogers Unassigned,1
Maxime Guerreiro Unassigned,1
Robert Šiška Tilman Hausherr,1
Andreas Lehmkühler Johnny Minty,1
Tilman Hausherr KUMARA SWAMY PALLUKURI,1
Stefan Mücke Andreas Lehmkühler,1
Tilman Hausherr Emmeran Seehuber,1
Siegfried Goeschl Unassigned,2
Petras Maruan Sahyoun,1
Jörg Henne Jörg Henne,4
Unassigned Shadrack,1
vakhtang koroghlishvili Tilman Hausherr,1
Unassigned Lilith Wong,1
Jay Modi Andreas Lehmkühler,1
John Hewson Christoph Langheld,1
Tilman Hausherr Vittal Aithal,1
Rubesh MX Unassigned,1
Arul Dhesiaseelan Arul Dhesiaseelan,1
Stefan Feenstra Stefan Feenstra,1
Marino Marino,1
Markus Fensterer Tilman Hausherr,1
Roman Pichlik Roman Pichlik,1
Unassigned Dominik Bauer,1
Daniel Ritter Daniel Ritter,1
satyaditya m satyaditya m,1
Siegfried Goeschl Siegfried Goeschl,2
Naga Kishore Vankayala Naga Kishore Vankayala,1
Luca Battistelli Tilman Hausherr,1
Dominik Bauer Dominik Bauer,1
Sharmilee S Sharmilee S,1
Thomas Chojecki Christian Kohlschütter,1
Unassigned Jorge Spinsanti,8
Unassigned Varshal,2
Unassigned Pei-Tang Huang,1
Swapnil Sonawane Unassigned,1
Matt Wise Maruan Sahyoun,1
Johnny Minty Johnny Minty,1
Unassigned Thomas Chojecki,1
Ivan Ridao Freitas Unassigned,1
Voravit Voravit,1
Sascha Becher Unassigned,1
Unassigned Vasiliy Sadokhin,1
Maruan Sahyoun acker apple,1
Maruan Sahyoun Krishnan,1
MH Jukka Zitting,1
Rene Smit Rene Smit,1
Kurt Devlin Tilman Hausherr,1
Marco Monacelli Tilman Hausherr,2
Andreas Lehmkühler Panayiotis Vlissidis,1
Mangesh Honwad Unassigned,1
Andreas Romeyke Andreas Romeyke,1
Andreas Lehmkühler Francesco,2
Juergen Uhl Juergen Uhl,1
Vincent Unassigned,1
May Yu Tilman Hausherr,1
Arthur Freitas e Menezes Unassigned,1
Andreas Lehmkühler Ken Liu,1
Guillaume Bailleul Guillaume Bailleul,1
Alexis Suter Unassigned,2
simon steiner Tilman Hausherr,7
Nagendra Unassigned,1
Tilman Hausherr Ilia Karabanov,1
Unassigned Ville Skyttä,1
Christian Czech Unassigned,1
Andreas Lehmkühler Matus Zamborsky,1
Pei-Tang Huang Unassigned,1
Unassigned Muthukumar R,1
Tilman Hausherr Ch. Schlatter,2
Unassigned Andreas Lehmkühler,5
Álison Fernandes Thomas Chojecki,2
Yauheni Salopiy Unassigned,4
freddi fred Tilman Hausherr,1
Unassigned Ken F,1
Štěpán Schejbal Štěpán Schejbal,1
Yauheni Salopiy Tilman Hausherr,2
Unassigned Jukka Zitting,9
Tilman Hausherr sunnyawake,1
Unassigned Sascha Becher,1
Peter Lehto Peter Lehto,1
Andreas Lehmkühler CP,1
Stan Taylor Stan Taylor,1
Tilman Hausherr Hossam Hazem,1
Senthilvinayaham Murugan Senthilvinayaham Murugan,1
Unassigned anil kumar,1
Jacopo Pugliese Andreas Lehmkühler,1
Andreas Lehmkühler Tim Barrett,1
Edward Kupershlak Edward Kupershlak,1
Christian Maierhofer Tilman Hausherr,1
Samuel Clark Samuel Clark,1
Caleb Cushing Tilman Hausherr,1
Unassigned javad,2
John Hewson Emanuel Greisen,1
Seva Alekseyev Seva Alekseyev,12
Unassigned Chris Bowditch,1
Unassigned Pierrick Vandenbroucke,1
Linus Tseng Unassigned,1
Philip Helger Philip Helger,4
Unassigned NAYAB HUSSAIN,1
Yan Bing Unassigned,2
Emily Coyne Emily Coyne,1
